{"inputUnits":[63],"outputUnits":4,"inputs":{"0":{"dtype":"number","min":0.2873596251010895,"max":0.8969894051551819},"1":{"dtype":"number","min":0.3599475622177124,"max":0.8312122821807861},"2":{"dtype":"number","min":-7.108105819497723e-7,"max":0.0000013761851960225613},"3":{"dtype":"number","min":0.30744898319244385,"max":0.8064919114112854},"4":{"dtype":"number","min":0.36804452538490295,"max":0.8085418939590454},"5":{"dtype":"number","min":-0.08759504556655884,"max":0.054017771035432816},"6":{"dtype":"number","min":0.216131329536438,"max":0.7609601616859436},"7":{"dtype":"number","min":0.31915396451950073,"max":0.7379918098449707},"8":{"dtype":"number","min":-0.13575415313243866,"max":0.07831080257892609},"9":{"dtype":"number","min":0.23673923313617706,"max":0.8336473107337952},"10":{"dtype":"number","min":0.20735269784927368,"max":0.6958661079406738},"11":{"dtype":"number","min":-0.1689203381538391,"max":0.08921699970960617},"12":{"dtype":"number","min":0.27914148569107056,"max":0.9025775790214539},"13":{"dtype":"number","min":0.10638176649808884,"max":0.6625797152519226},"14":{"dtype":"number","min":-0.1923084557056427,"max":0.09777088463306427},"15":{"dtype":"number","min":0.24320054054260254,"max":0.7737363576889038},"16":{"dtype":"number","min":0.19087457656860352,"max":0.5667028427124023},"17":{"dtype":"number","min":-0.10143905133008957,"max":0.051451604813337326},"18":{"dtype":"number","min":0.19521670043468475,"max":0.7601096034049988},"19":{"dtype":"number","min":0.14601558446884155,"max":0.5818482041358948},"20":{"dtype":"number","min":-0.15032356977462769,"max":0.04670419916510582},"21":{"dtype":"number","min":0.22711250185966492,"max":0.7675983309745789},"22":{"dtype":"number","min":0.14004921913146973,"max":0.6389739513397217},"23":{"dtype":"number","min":-0.17865602672100067,"max":0.04167879372835159},"24":{"dtype":"number","min":0.19051332771778107,"max":0.7694191336631775},"25":{"dtype":"number","min":0.053047239780426025,"max":0.6296303868293762},"26":{"dtype":"number","min":-0.20023567974567413,"max":0.035156458616256714},"27":{"dtype":"number","min":0.2688634991645813,"max":0.809065043926239},"28":{"dtype":"number","min":0.14830134809017181,"max":0.5514434576034546},"29":{"dtype":"number","min":-0.09696163237094879,"max":0.012798747047781944},"30":{"dtype":"number","min":0.245123028755188,"max":0.8179583549499512},"31":{"dtype":"number","min":0.10036800801753998,"max":0.5624944567680359},"32":{"dtype":"number","min":-0.16103997826576233,"max":-0.0013940156204625964},"33":{"dtype":"number","min":0.23808862268924713,"max":0.8187538385391235},"34":{"dtype":"number","min":0.08339232206344604,"max":0.64899080991745},"35":{"dtype":"number","min":-0.19465728104114532,"max":-0.012820132076740265},"36":{"dtype":"number","min":0.18641574680805206,"max":0.7976481318473816},"37":{"dtype":"number","min":-0.013667970895767212,"max":0.6143435835838318},"38":{"dtype":"number","min":-0.21271371841430664,"max":-0.021213628351688385},"39":{"dtype":"number","min":0.2563447654247284,"max":0.8459945917129517},"40":{"dtype":"number","min":0.0991123840212822,"max":0.5536767244338989},"41":{"dtype":"number","min":-0.09571383148431778,"max":0.000412592722568661},"42":{"dtype":"number","min":0.2504865229129791,"max":0.8757347464561462},"43":{"dtype":"number","min":0.05737845599651337,"max":0.57961505651474},"44":{"dtype":"number","min":-0.14944276213645935,"max":-0.011096610687673092},"45":{"dtype":"number","min":0.2466595321893692,"max":0.8702226281166077},"46":{"dtype":"number","min":0.11144214868545532,"max":0.6476209163665771},"47":{"dtype":"number","min":-0.14202934503555298,"max":-0.019204314798116684},"48":{"dtype":"number","min":0.24326840043067932,"max":0.8414495587348938},"49":{"dtype":"number","min":0.016326993703842163,"max":0.6767604947090149},"50":{"dtype":"number","min":-0.154942587018013,"max":-0.025111526250839233},"51":{"dtype":"number","min":0.21849411725997925,"max":0.8890305161476135},"52":{"dtype":"number","min":0.06770908832550049,"max":0.5702498555183411},"53":{"dtype":"number","min":-0.10165924578905106,"max":-0.008672536350786686},"54":{"dtype":"number","min":0.21128606796264648,"max":0.9244439601898193},"55":{"dtype":"number","min":0.03552451729774475,"max":0.6180421710014343},"56":{"dtype":"number","min":-0.13946034014225006,"max":-0.02033398300409317},"57":{"dtype":"number","min":0.2099272906780243,"max":0.91262286901474},"58":{"dtype":"number","min":0.09189588576555252,"max":0.6659583449363708},"59":{"dtype":"number","min":-0.1370094120502472,"max":-0.024664366617798805},"60":{"dtype":"number","min":0.2095198929309845,"max":0.8843077421188354},"61":{"dtype":"number","min":0.12149381637573242,"max":0.6956949234008789},"62":{"dtype":"number","min":-0.15350793302059174,"max":-0.027559135109186172}},"outputs":{"label":{"dtype":"string","min":0,"max":1,"uniqueValues":["rock","paper","scissors","fingerUp"],"legend":{"rock":[1,0,0,0],"paper":[0,1,0,0],"scissors":[0,0,1,0],"fingerUp":[0,0,0,1]}}},"isNormalized":true}